"participant_id","age","serostatus"
1,38,TRUE
2,55,TRUE
3,42,TRUE
4,3,FALSE
5,48,FALSE
6,19,TRUE
7,22,FALSE
8,67,TRUE
9,11,FALSE
10,8,FALSE
11,25,FALSE
12,37,TRUE
13,60,TRUE
14,8,TRUE
15,70,TRUE
16,54,TRUE
17,63,TRUE
18,58,TRUE
19,65,TRUE
20,26,TRUE
21,18,FALSE
22,24,TRUE
23,68,TRUE
24,44,TRUE
25,6,FALSE
26,35,TRUE
27,26,TRUE
28,37,TRUE
29,67,TRUE
30,57,FALSE
31,41,TRUE
32,9,TRUE
33,11,TRUE
34,11,FALSE
35,13,TRUE
36,62,TRUE
37,41,TRUE
38,18,TRUE
39,26,TRUE
40,44,TRUE
41,67,TRUE
42,55,FALSE
43,32,FALSE
44,26,TRUE
45,47,TRUE
46,34,TRUE
47,45,TRUE
48,5,FALSE
49,3,FALSE
50,26,TRUE
51,33,TRUE
52,11,TRUE
53,63,TRUE
54,32,TRUE
55,42,FALSE
56,48,TRUE
57,59,TRUE
58,5,TRUE
59,17,FALSE
60,9,FALSE
61,62,TRUE
62,33,TRUE
63,31,TRUE
64,38,TRUE
65,55,TRUE
66,52,TRUE
67,11,TRUE
68,20,TRUE
69,26,TRUE
70,22,TRUE
71,3,FALSE
72,67,TRUE
73,19,TRUE
74,46,TRUE
75,43,TRUE
76,67,TRUE
77,30,TRUE
78,8,FALSE
79,51,TRUE
80,54,TRUE
81,52,TRUE
82,31,TRUE
83,52,TRUE
84,6,FALSE
85,67,TRUE
86,6,TRUE
87,36,FALSE
88,52,TRUE
89,50,TRUE
90,20,TRUE
91,56,FALSE
92,24,TRUE
93,45,TRUE
94,31,TRUE
95,48,TRUE
96,21,TRUE
97,26,TRUE
98,39,TRUE
99,11,TRUE
100,8,FALSE
101,50,TRUE
102,8,TRUE
103,17,FALSE
104,57,TRUE
105,21,FALSE
106,64,TRUE
107,22,FALSE
108,29,TRUE
109,69,TRUE
110,5,FALSE
111,50,TRUE
112,15,TRUE
113,10,FALSE
114,20,TRUE
115,26,FALSE
116,12,TRUE
117,48,TRUE
118,57,TRUE
119,33,TRUE
120,54,TRUE
121,42,TRUE
122,11,FALSE
123,51,TRUE
124,27,TRUE
125,2,FALSE
126,58,FALSE
127,42,TRUE
128,35,TRUE
129,47,TRUE
130,11,FALSE
131,31,TRUE
132,31,TRUE
133,5,TRUE
134,17,FALSE
135,46,TRUE
136,59,TRUE
137,16,FALSE
138,45,FALSE
139,45,TRUE
140,19,TRUE
141,7,FALSE
142,53,TRUE
143,56,FALSE
144,3,FALSE
145,56,TRUE
146,44,TRUE
147,8,FALSE
148,37,TRUE
149,26,TRUE
150,9,FALSE
151,34,TRUE
152,49,TRUE
153,22,FALSE
154,27,FALSE
155,53,TRUE
156,25,TRUE
157,65,TRUE
158,5,TRUE
159,21,TRUE
160,42,TRUE
161,47,TRUE
162,11,FALSE
163,50,TRUE
164,20,TRUE
165,24,TRUE
166,22,FALSE
167,3,TRUE
168,27,TRUE
169,68,TRUE
170,5,FALSE
171,36,TRUE
172,35,FALSE
173,15,FALSE
174,27,FALSE
175,15,FALSE
176,19,FALSE
177,65,TRUE
178,37,TRUE
179,15,FALSE
180,49,TRUE
181,22,FALSE
182,10,TRUE
183,38,TRUE
184,14,FALSE
185,69,TRUE
186,42,TRUE
187,69,TRUE
188,6,FALSE
189,20,TRUE
190,49,TRUE
191,54,TRUE
192,47,TRUE
193,24,FALSE
194,11,TRUE
195,21,FALSE
196,64,TRUE
197,11,FALSE
198,69,TRUE
199,42,TRUE
200,50,TRUE
201,35,TRUE
202,6,FALSE
203,8,FALSE
204,19,FALSE
205,38,TRUE
206,12,FALSE
207,67,TRUE
208,58,TRUE
209,41,TRUE
210,8,FALSE
211,18,TRUE
212,57,TRUE
213,5,FALSE
214,1,FALSE
215,40,FALSE
216,13,FALSE
217,23,FALSE
218,57,TRUE
219,41,TRUE
220,13,FALSE
221,3,FALSE
222,23,FALSE
223,36,TRUE
224,67,TRUE
225,69,TRUE
226,23,TRUE
227,16,FALSE
228,5,FALSE
229,56,TRUE
230,62,TRUE
231,32,TRUE
232,29,TRUE
233,30,TRUE
234,26,FALSE
235,40,TRUE
236,37,TRUE
237,4,FALSE
238,69,TRUE
239,19,FALSE
240,62,FALSE
241,39,TRUE
242,29,FALSE
243,24,TRUE
244,21,TRUE
245,52,TRUE
246,55,TRUE
247,2,FALSE
248,32,TRUE
249,46,FALSE
250,45,TRUE
251,52,FALSE
252,51,TRUE
253,36,TRUE
254,69,TRUE
255,13,TRUE
256,62,TRUE
257,26,TRUE
258,13,FALSE
259,6,TRUE
260,37,TRUE
261,47,TRUE
262,3,TRUE
263,26,TRUE
264,39,TRUE
265,64,TRUE
266,21,TRUE
267,32,TRUE
268,26,TRUE
269,5,FALSE
270,22,TRUE
271,27,TRUE
272,19,FALSE
273,31,TRUE
274,34,TRUE
275,43,FALSE
276,25,TRUE
277,7,TRUE
278,30,FALSE
279,67,FALSE
280,45,TRUE
281,51,TRUE
282,66,TRUE
283,55,TRUE
284,29,TRUE
285,43,TRUE
286,4,TRUE
287,32,FALSE
288,37,TRUE
289,13,TRUE
290,46,TRUE
291,45,TRUE
292,65,TRUE
293,15,TRUE
294,50,TRUE
295,31,TRUE
296,57,TRUE
297,8,FALSE
298,17,FALSE
299,58,TRUE
300,41,TRUE
301,69,TRUE
302,59,TRUE
303,6,FALSE
304,16,TRUE
305,41,FALSE
306,36,TRUE
307,23,FALSE
308,6,TRUE
309,19,FALSE
310,22,FALSE
311,25,TRUE
312,23,TRUE
313,67,TRUE
314,49,TRUE
315,13,FALSE
316,69,TRUE
317,49,TRUE
318,59,TRUE
319,48,TRUE
320,30,FALSE
321,57,TRUE
322,56,TRUE
323,38,FALSE
324,15,FALSE
325,32,TRUE
326,63,FALSE
327,67,TRUE
328,27,FALSE
329,50,TRUE
330,68,TRUE
331,55,TRUE
332,33,TRUE
333,14,TRUE
334,6,TRUE
335,25,TRUE
336,48,TRUE
337,39,FALSE
338,10,FALSE
339,29,TRUE
340,25,TRUE
341,31,TRUE
342,5,FALSE
343,7,FALSE
344,6,FALSE
345,51,TRUE
346,24,FALSE
347,41,TRUE
348,46,TRUE
349,9,TRUE
350,4,FALSE
351,8,FALSE
352,54,TRUE
353,33,TRUE
354,60,TRUE
355,5,FALSE
356,15,TRUE
357,35,TRUE
358,51,TRUE
359,16,TRUE
360,51,TRUE
361,30,TRUE
362,55,TRUE
363,47,TRUE
364,54,TRUE
365,39,TRUE
366,33,TRUE
367,5,FALSE
368,7,FALSE
369,30,TRUE
370,24,TRUE
371,44,TRUE
372,35,TRUE
373,12,FALSE
374,8,FALSE
375,51,TRUE
376,50,TRUE
377,67,TRUE
378,34,TRUE
379,5,FALSE
380,31,FALSE
381,44,TRUE
382,54,FALSE
383,19,FALSE
384,30,FALSE
385,25,TRUE
386,40,TRUE
387,60,TRUE
388,47,TRUE
389,50,TRUE
390,50,TRUE
391,16,TRUE
392,34,TRUE
393,41,TRUE
394,44,TRUE
395,66,TRUE
396,39,TRUE
397,41,TRUE
398,3,FALSE
399,9,FALSE
400,45,TRUE
401,35,TRUE
402,68,TRUE
403,7,FALSE
404,49,TRUE
405,16,TRUE
406,64,TRUE
407,18,TRUE
408,15,TRUE
409,29,TRUE
410,34,TRUE
411,58,TRUE
412,69,TRUE
413,32,TRUE
414,43,TRUE
415,28,TRUE
416,9,FALSE
417,31,TRUE
418,11,TRUE
419,29,TRUE
420,18,FALSE
421,1,FALSE
422,7,FALSE
423,22,TRUE
424,5,FALSE
425,14,FALSE
426,15,TRUE
427,2,FALSE
428,21,TRUE
429,51,TRUE
430,42,TRUE
431,28,TRUE
432,14,FALSE
433,45,TRUE
434,35,TRUE
435,8,TRUE
436,32,TRUE
437,33,TRUE
438,51,TRUE
439,68,TRUE
440,25,TRUE
441,32,TRUE
442,6,FALSE
443,57,TRUE
444,6,FALSE
445,52,TRUE
446,35,TRUE
447,34,TRUE
448,14,TRUE
449,11,FALSE
450,9,FALSE
451,16,TRUE
452,12,TRUE
453,49,TRUE
454,53,TRUE
455,59,TRUE
456,25,FALSE
457,3,FALSE
458,56,TRUE
459,33,TRUE
460,46,TRUE
461,63,TRUE
462,46,TRUE
463,41,TRUE
464,29,TRUE
465,52,TRUE
466,43,TRUE
467,19,TRUE
468,53,TRUE
469,47,TRUE
470,55,TRUE
471,67,TRUE
472,53,TRUE
473,54,TRUE
474,28,TRUE
475,59,TRUE
476,54,TRUE
477,62,TRUE
478,63,TRUE
479,8,FALSE
480,38,TRUE
481,33,TRUE
482,69,TRUE
483,34,TRUE
484,3,TRUE
485,32,TRUE
486,18,TRUE
487,4,FALSE
488,5,FALSE
489,27,TRUE
490,34,FALSE
491,38,TRUE
492,18,FALSE
493,67,TRUE
494,56,TRUE
495,27,FALSE
496,33,TRUE
497,11,FALSE
498,38,TRUE
499,51,TRUE
500,21,TRUE
501,57,TRUE
502,57,TRUE
503,50,FALSE
504,11,TRUE
505,16,FALSE
506,9,TRUE
507,56,TRUE
508,59,TRUE
509,70,TRUE
510,14,FALSE
511,18,FALSE
512,34,TRUE
513,35,TRUE
514,10,FALSE
515,13,FALSE
516,35,FALSE
517,13,FALSE
518,32,FALSE
519,12,TRUE
520,55,TRUE
521,43,TRUE
522,17,FALSE
523,60,TRUE
524,7,TRUE
525,43,TRUE
526,55,TRUE
527,68,TRUE
528,11,FALSE
529,30,TRUE
530,36,TRUE
531,5,FALSE
532,56,TRUE
533,68,TRUE
534,15,FALSE
535,41,TRUE
536,46,TRUE
537,60,TRUE
538,26,FALSE
539,36,TRUE
540,60,TRUE
541,28,FALSE
542,51,TRUE
543,4,FALSE
544,46,TRUE
545,36,TRUE
546,4,FALSE
547,64,TRUE
548,54,TRUE
549,18,FALSE
550,33,FALSE
551,50,TRUE
552,9,TRUE
553,2,FALSE
554,63,TRUE
555,43,TRUE
556,20,FALSE
557,41,TRUE
558,11,TRUE
559,33,TRUE
560,67,TRUE
561,19,FALSE
562,68,TRUE
563,25,TRUE
564,35,TRUE
565,53,TRUE
566,63,TRUE
567,36,TRUE
568,8,FALSE
569,40,TRUE
570,3,FALSE
571,4,FALSE
572,30,TRUE
573,43,TRUE
574,27,TRUE
575,69,TRUE
576,63,TRUE
577,43,TRUE
578,14,FALSE
579,54,FALSE
580,62,TRUE
581,16,TRUE
582,61,TRUE
583,13,TRUE
584,9,TRUE
585,68,TRUE
586,20,FALSE
587,8,FALSE
588,51,TRUE
589,62,TRUE
590,23,TRUE
591,54,TRUE
592,63,TRUE
593,18,TRUE
594,32,TRUE
595,14,FALSE
596,68,TRUE
597,16,TRUE
598,35,TRUE
599,12,FALSE
600,43,TRUE
601,45,TRUE
602,58,TRUE
603,27,TRUE
604,19,FALSE
605,57,FALSE
606,54,TRUE
607,54,TRUE
608,14,TRUE
609,57,TRUE
610,38,TRUE
611,42,TRUE
612,3,FALSE
613,23,TRUE
614,64,TRUE
615,41,TRUE
616,48,TRUE
617,61,TRUE
618,54,TRUE
619,32,TRUE
620,65,TRUE
621,29,FALSE
622,43,TRUE
623,42,TRUE
624,48,TRUE
625,18,FALSE
626,24,FALSE
627,13,TRUE
628,66,TRUE
629,33,TRUE
630,19,FALSE
631,36,TRUE
632,42,TRUE
633,7,FALSE
634,43,TRUE
635,24,FALSE
636,18,FALSE
637,23,TRUE
638,5,TRUE
639,40,TRUE
640,9,FALSE
641,10,FALSE
642,4,FALSE
643,65,TRUE
644,49,TRUE
645,56,TRUE
646,24,FALSE
647,12,FALSE
648,14,FALSE
649,20,FALSE
650,11,FALSE
651,27,FALSE
652,35,FALSE
653,51,TRUE
654,11,FALSE
655,17,TRUE
656,60,TRUE
657,16,TRUE
658,9,FALSE
659,15,FALSE
660,59,TRUE
661,67,TRUE
662,37,TRUE
663,32,TRUE
664,19,TRUE
665,25,FALSE
666,46,TRUE
667,63,TRUE
668,53,TRUE
669,67,TRUE
670,67,TRUE
671,18,TRUE
672,52,TRUE
673,37,FALSE
674,42,TRUE
675,60,TRUE
676,53,TRUE
677,13,TRUE
678,63,TRUE
679,25,FALSE
680,37,TRUE
681,27,TRUE
682,10,FALSE
683,59,TRUE
684,63,TRUE
685,10,TRUE
686,9,TRUE
687,51,TRUE
688,4,FALSE
689,65,TRUE
690,30,TRUE
691,48,TRUE
692,22,FALSE
693,9,FALSE
694,66,TRUE
695,62,TRUE
696,41,TRUE
697,14,TRUE
698,15,TRUE
699,7,FALSE
700,66,TRUE
701,39,TRUE
702,56,TRUE
703,30,TRUE
704,4,TRUE
705,43,FALSE
706,61,TRUE
707,67,TRUE
708,53,TRUE
709,10,FALSE
710,16,TRUE
711,46,TRUE
712,28,TRUE
713,4,FALSE
714,40,TRUE
715,34,FALSE
716,10,TRUE
717,11,TRUE
718,24,TRUE
719,45,TRUE
720,3,FALSE
721,65,TRUE
722,30,TRUE
723,50,TRUE
724,55,TRUE
725,59,TRUE
726,56,TRUE
727,24,FALSE
728,52,TRUE
729,62,TRUE
730,18,FALSE
731,7,TRUE
732,53,TRUE
733,16,TRUE
734,40,TRUE
735,57,FALSE
736,44,TRUE
737,18,FALSE
738,54,FALSE
739,47,TRUE
740,63,TRUE
741,32,TRUE
742,50,TRUE
743,34,TRUE
744,22,TRUE
745,28,TRUE
746,29,FALSE
747,44,TRUE
748,38,TRUE
749,42,TRUE
750,47,FALSE
751,17,TRUE
752,2,FALSE
753,56,TRUE
754,14,TRUE
755,47,TRUE
756,28,TRUE
757,14,FALSE
758,55,TRUE
759,50,TRUE
760,26,FALSE
761,3,TRUE
762,27,TRUE
763,12,TRUE
764,7,FALSE
765,66,TRUE
766,41,TRUE
767,14,FALSE
768,42,FALSE
769,5,FALSE
770,46,TRUE
771,11,TRUE
772,33,TRUE
773,32,FALSE
774,58,TRUE
775,53,TRUE
776,64,TRUE
777,26,TRUE
778,41,FALSE
779,50,TRUE
780,5,TRUE
781,11,TRUE
782,58,TRUE
783,52,TRUE
784,17,TRUE
785,68,TRUE
786,5,FALSE
787,46,FALSE
788,52,FALSE
789,54,TRUE
790,26,TRUE
791,29,FALSE
792,39,TRUE
793,19,FALSE
794,28,TRUE
795,44,TRUE
796,27,TRUE
797,18,TRUE
798,17,FALSE
799,23,FALSE
800,67,TRUE
801,6,FALSE
802,63,TRUE
803,66,TRUE
804,6,FALSE
805,15,FALSE
806,20,TRUE
807,5,FALSE
808,23,TRUE
809,18,TRUE
810,69,FALSE
811,3,TRUE
812,55,TRUE
813,27,FALSE
814,10,TRUE
815,17,FALSE
816,5,FALSE
817,18,FALSE
818,45,TRUE
819,70,TRUE
820,16,TRUE
821,57,TRUE
822,47,TRUE
823,68,TRUE
824,28,TRUE
825,70,TRUE
826,28,TRUE
827,6,TRUE
828,10,FALSE
829,6,FALSE
830,37,TRUE
831,5,FALSE
832,59,TRUE
833,22,TRUE
834,15,FALSE
835,13,TRUE
836,56,TRUE
837,66,TRUE
838,12,TRUE
839,64,TRUE
840,5,FALSE
841,42,TRUE
842,36,TRUE
843,27,TRUE
844,65,TRUE
845,15,FALSE
846,49,TRUE
847,14,TRUE
848,18,TRUE
849,3,FALSE
850,55,TRUE
851,16,FALSE
852,21,TRUE
853,9,FALSE
854,38,TRUE
855,48,TRUE
856,34,TRUE
857,54,FALSE
858,19,FALSE
859,30,TRUE
860,40,TRUE
861,20,FALSE
862,37,TRUE
863,41,TRUE
864,8,FALSE
865,8,FALSE
866,24,FALSE
867,45,TRUE
868,2,FALSE
869,11,FALSE
870,59,TRUE
871,44,TRUE
872,4,FALSE
873,65,TRUE
874,51,TRUE
875,5,FALSE
876,59,TRUE
877,31,TRUE
878,11,FALSE
879,65,TRUE
880,34,FALSE
881,19,TRUE
882,13,FALSE
883,15,FALSE
884,52,TRUE
885,50,TRUE
886,23,TRUE
887,24,TRUE
888,42,TRUE
889,33,TRUE
890,17,FALSE
891,57,TRUE
892,68,TRUE
893,41,TRUE
894,39,FALSE
895,24,TRUE
896,17,FALSE
897,37,TRUE
898,32,TRUE
899,27,TRUE
900,56,TRUE
901,51,FALSE
902,4,FALSE
903,8,FALSE
904,57,TRUE
905,39,TRUE
906,56,TRUE
907,10,FALSE
908,55,TRUE
909,28,TRUE
910,15,TRUE
911,56,TRUE
912,44,TRUE
913,18,TRUE
914,30,FALSE
915,5,TRUE
916,17,TRUE
917,30,TRUE
918,50,TRUE
919,60,TRUE
920,59,TRUE
921,4,FALSE
922,17,FALSE
923,36,TRUE
924,22,TRUE
925,69,TRUE
926,8,TRUE
927,41,FALSE
928,24,TRUE
929,24,TRUE
930,36,TRUE
931,23,TRUE
932,60,TRUE
933,65,TRUE
934,31,FALSE
935,28,TRUE
936,6,FALSE
937,2,FALSE
938,63,TRUE
939,45,TRUE
940,70,TRUE
941,38,TRUE
942,60,TRUE
943,43,TRUE
944,32,FALSE
945,30,TRUE
946,48,TRUE
947,39,TRUE
948,11,TRUE
949,20,TRUE
950,58,TRUE
951,1,FALSE
952,62,TRUE
953,13,FALSE
954,1,FALSE
955,44,TRUE
956,30,TRUE
957,62,TRUE
958,29,TRUE
959,6,FALSE
960,17,TRUE
961,20,FALSE
962,65,TRUE
963,51,TRUE
964,12,FALSE
965,56,TRUE
966,65,TRUE
967,52,FALSE
968,9,FALSE
969,34,TRUE
970,63,TRUE
971,69,TRUE
972,46,TRUE
973,8,FALSE
974,41,TRUE
975,31,FALSE
976,4,FALSE
977,13,TRUE
978,31,TRUE
979,50,TRUE
980,62,TRUE
981,66,FALSE
982,51,TRUE
983,48,TRUE
984,62,TRUE
985,56,TRUE
986,50,TRUE
987,33,TRUE
988,42,TRUE
989,6,FALSE
990,18,TRUE
991,17,FALSE
992,26,TRUE
993,2,FALSE
994,25,TRUE
995,32,TRUE
996,36,TRUE
997,53,TRUE
998,29,TRUE
999,54,TRUE
1000,44,TRUE
